id;title;description;description_content_type;start_date_time;endt_date_time
1;Administrator Home Rest;../fake-data/blob/hipster.png;image/png;2020-05-06T05:50:30;2020-05-05T15:19:22
2;niches iterate sky blue;../fake-data/blob/hipster.png;image/png;2020-05-05T23:59:50;2020-05-06T03:55:24
3;Cayman Islands enterprise;../fake-data/blob/hipster.png;image/png;2020-05-06T06:59:51;2020-05-06T04:43:30
4;wireless;../fake-data/blob/hipster.png;image/png;2020-05-06T03:45:03;2020-05-06T12:59:42
5;Rubber Computers;../fake-data/blob/hipster.png;image/png;2020-05-06T09:33:58;2020-05-06T05:34:43
6;product online Drive;../fake-data/blob/hipster.png;image/png;2020-05-05T14:11:38;2020-05-06T11:51:57
7;Shoes revolutionize deposit;../fake-data/blob/hipster.png;image/png;2020-05-06T06:34:39;2020-05-06T09:01:43
8;bus;../fake-data/blob/hipster.png;image/png;2020-05-05T18:58:26;2020-05-05T23:10:47
9;Haiti Borders;../fake-data/blob/hipster.png;image/png;2020-05-06T00:31:21;2020-05-05T17:44:41
10;Right-sized Cayman Islands Dollar;../fake-data/blob/hipster.png;image/png;2020-05-06T11:11:08;2020-05-06T11:12:29
