id;first_name;last_name;email;twitter;bio;bio_content_type
1;Bianka;Thompson;Tiara95@gmail.com;attitude-oriented;../fake-data/blob/hipster.png;image/png
2;Donny;Schuppe;Bette.Wolf@gmail.com;District Finland wireless;../fake-data/blob/hipster.png;image/png
3;Bria;Bechtelar;Giovanna_Dibbert1@hotmail.com;Administrator Agent Function-based;../fake-data/blob/hipster.png;image/png
4;Anastasia;Witting;Joesph75@hotmail.com;incubate;../fake-data/blob/hipster.png;image/png
5;Elwin;Schumm;Mitchel_Graham@hotmail.com;Personal Loan Account;../fake-data/blob/hipster.png;image/png
6;Athena;Rippin;Mose_Zulauf@gmail.com;Fully-configurable Tanzania wireless;../fake-data/blob/hipster.png;image/png
7;Carolanne;Bernhard;Haley53@yahoo.com;web services;../fake-data/blob/hipster.png;image/png
8;Lilian;Frami;Muhammad.Kulas@gmail.com;card solid state withdrawal;../fake-data/blob/hipster.png;image/png
9;Jamir;Casper;Francesca47@hotmail.com;withdrawal Research;../fake-data/blob/hipster.png;image/png
10;Paula;Kemmer;Garry_Swift@yahoo.com;open-source Buckinghamshire;../fake-data/blob/hipster.png;image/png
